ref_id,category,skill,description,source_site,source_repo
76,Frontend Development,add-uint-support,"Add unsigned integer (uint) type support to PyTorch operators by updating AT_DISPATCH macros. Use when adding support for uint16, uint32, uint64 types to operators, kernels, or when user mentions enabling unsigned types, barebones unsigned types, or uint support.",https://ai-skills.io/,https://github.com/kodustech/awesome-agent-skills
77,Frontend Development,writing-dev-server-tests,"Guides writing HMR/Dev Server tests in test/bake/. Use when creating or modifying dev server, hot reloading, or bundling tests.",https://ai-skills.io/,https://github.com/kodustech/awesome-agent-skills
78,Frontend Development,command-development,"This skill should be used when the user asks to ""create a slash command"", ""add a command"", ""write a custom command"", ""define command arguments"", ""use command frontmatter"", ""organize commands"", ""create command with file references"", ""interactive command"", ""use AskUserQuestion in command"", or needs guidance on slash command structure, YAML frontmatter fields, dynamic arguments, bash execution in commands, user interaction patterns, or command development best practices for Claude Code.",https://ai-skills.io/,https://github.com/kodustech/awesome-agent-skills
79,Frontend Development,implementing-agent-modes,"Guidelines to create/update a new mode for PostHog AI agent. Modes are a way to limit what tools, prompts, and prompt injections are applied and under what conditions. Achieve better results using your plan mode.",https://ai-skills.io/,https://github.com/kodustech/awesome-agent-skills
80,Frontend Development,wcag-audit-patterns,"Conduct WCAG 2.2 accessibility audits with automated testing, manual verification, and remediation guidance. Use when auditing websites for accessibility, fixing WCAG violations, or implementing accessible design patterns.",https://ai-skills.io/,https://github.com/kodustech/awesome-agent-skills
81,Frontend Development,risk-metrics-calculation,"Calculate portfolio risk metrics including VaR, CVaR, Sharpe, Sortino, and drawdown analysis. Use when measuring portfolio risk, implementing risk limits, or building risk monitoring systems.",https://ai-skills.io/,https://github.com/kodustech/awesome-agent-skills
82,Frontend Development,nft-standards,"Implement NFT standards (ERC-721, ERC-1155) with proper metadata handling, minting strategies, and marketplace integration. Use when creating NFT contracts, building NFT marketplaces, or implementing digital asset systems.",https://ai-skills.io/,https://github.com/kodustech/awesome-agent-skills
83,Frontend Development,nextjs-app-router-patterns,"Master Next.js 14+ App Router with Server Components, streaming, parallel routes, and advanced data fetching. Use when building Next.js applications, implementing SSR/SSG, or optimizing React Server Components.",https://ai-skills.io/,https://github.com/kodustech/awesome-agent-skills
84,Frontend Development,ml-pipeline-workflow,"Build end-to-end MLOps pipelines from data preparation through model training, validation, and production deployment. Use when creating ML pipelines, implementing MLOps practices, or automating model training and deployment workflows.",https://ai-skills.io/,https://github.com/kodustech/awesome-agent-skills
85,Frontend Development,istio-traffic-management,"Configure Istio traffic management including routing, load balancing, circuit breakers, and canary deployments. Use when implementing service mesh traffic policies, progressive delivery, or resilience patterns.",https://ai-skills.io/,https://github.com/kodustech/awesome-agent-skills
86,Backend Development,bun-file-io,"Use this when you are working on file operations like reading, writing, scanning, or deleting files. It summarizes the preferred file APIs and patterns used in this repo. It also notes when to use filesystem helpers for directories.",https://ai-skills.io/,https://github.com/kodustech/awesome-agent-skills
87,Backend Development,add-admin-api-endpoint,Add a new endpoint or endpoints to Ghost's Admin API at `ghost/api/admin/**`.,https://ai-skills.io/,https://github.com/kodustech/awesome-agent-skills
88,Backend Development,generate-migration,"Generate Django database migrations for Sentry. Use when creating migrations, adding/removing columns or tables, adding indexes, or resolving migration conflicts.",https://ai-skills.io/,https://github.com/kodustech/awesome-agent-skills
89,Backend Development,temporal-python-testing,"Test Temporal workflows with pytest, time-skipping, and mocking strategies. Covers unit testing, integration testing, replay testing, and local development setup. Use when implementing Temporal workflow tests or debugging test failures.",https://ai-skills.io/,https://github.com/kodustech/awesome-agent-skills
90,Backend Development,zarr-python,"Chunked N-D arrays for cloud storage. Compressed arrays, parallel I/O, S3/GCS integration, NumPy/Dask/Xarray compatible, for large-scale scientific computing pipelines.",https://ai-skills.io/,https://github.com/kodustech/awesome-agent-skills
91,Backend Development,sympy,"Use this skill when working with symbolic mathematics in Python. This skill should be used for symbolic computation tasks including solving equations algebraically, performing calculus operations (derivatives, integrals, limits), manipulating algebraic expressions, working with matrices symbolically, physics calculations, number theory problems, geometry computations, and generating executable code from mathematical expressions.",https://ai-skills.io/,https://github.com/kodustech/awesome-agent-skills
92,Backend Development,shap,"Model interpretability and explainability using SHAP (SHapley Additive exPlanations). Use this skill when explaining machine learning model predictions, computing feature importance, generating SHAP plots (waterfall, beeswarm, bar, scatter, force, heatmap), debugging models, analyzing model bias or fairness, comparing models, or implementing explainable AI. Works with tree-based models (XGBoost, LightGBM, Random Forest), deep learning (TensorFlow, PyTorch), linear models, and any black-box model.",https://ai-skills.io/,https://github.com/kodustech/awesome-agent-skills
93,Backend Development,sentencepiece,"Language-independent tokenizer treating text as raw Unicode. Supports BPE and Unigram algorithms. Fast (50k sentences/sec), lightweight (6MB memory), deterministic vocabulary. Used by T5, ALBERT, XLNet, mBART. Train on raw text without pre-tokenization. Use when you need multilingual support, CJK languages, or reproducible tokenization.",https://ai-skills.io/,https://github.com/kodustech/awesome-agent-skills
94,Backend Development,scvi-tools,"This skill should be used when working with single-cell omics data analysis using scvi-tools, including scRNA-seq, scATAC-seq, CITE-seq, spatial transcriptomics, and other single-cell modalities. Use this skill for probabilistic modeling, batch correction, dimensionality reduction, differential expression, cell type annotation, multimodal integration, and spatial analysis tasks.",https://ai-skills.io/,https://github.com/kodustech/awesome-agent-skills
95,Backend Development,quality-manager-qmr,"Senior Quality Manager Responsible Person (QMR) for HealthTech and MedTech companies. Provides overall quality system responsibility, regulatory compliance oversight, management accountability, and strategic quality leadership. Use for quality system governance, regulatory compliance oversight, management responsibility, and quality strategic planning.",https://ai-skills.io/,https://github.com/kodustech/awesome-agent-skills
96,DevOps,gitops-workflow,"Implement GitOps workflows with ArgoCD and Flux for automated, declarative Kubernetes deployments with continuous reconciliation. Use when implementing GitOps practices, automating Kubernetes deployments, or setting up declarative infrastructure management.",https://ai-skills.io/,https://github.com/kodustech/awesome-agent-skills
97,DevOps,managing-devops-pipeline,"Manage BlueKing CI pipeline build operations, including querying build history, retrieving startup parameters, checking build status, and triggering builds. Use when the user mentions pipelines, builds, deployments, CI/CD, BlueKing, or needs to trigger a build job.",https://ai-skills.io/,https://github.com/kodustech/awesome-agent-skills
98,DevOps,opentelemetry-instrumentation-extension,"Extend OpenTelemetry instrumentation when new functionality is added to the MCP Gateway. Use when (1) new operations/functions are added, (2) reviewing code for missing instrumentation, (3) user requests otel/telemetry additions, or (4) working with state-changing operations.",https://ai-skills.io/,https://github.com/kodustech/awesome-agent-skills
99,DevOps,yaml-config-validator,"Yaml Config Validator - Auto-activating skill for DevOps Basics. Triggers on: yaml config validator, yaml config validator Part of the DevOps Basics skill category.",https://ai-skills.io/,https://github.com/kodustech/awesome-agent-skills
100,DevOps,version-bumper,"Manage version bumper operations. Auto-activating skill for DevOps Basics. Triggers on: version bumper, version bumper Part of the DevOps Basics skill category. Use when working with version bumper functionality. Trigger with phrases like ""version bumper"", ""version bumper"", ""version"".",https://ai-skills.io/,https://github.com/kodustech/awesome-agent-skills
101,DevOps,terraform-state-manager,"Terraform State Manager - Auto-activating skill for DevOps Advanced. Triggers on: terraform state manager, terraform state manager Part of the DevOps Advanced skill category.",https://ai-skills.io/,https://github.com/kodustech/awesome-agent-skills
102,DevOps,terraform-provider-config,"Configure terraform provider config operations. Auto-activating skill for DevOps Advanced. Triggers on: terraform provider config, terraform provider config Part of the DevOps Advanced skill category. Use when configuring systems or services. Trigger with phrases like ""terraform provider config"", ""terraform config"", ""terraform"".",https://ai-skills.io/,https://github.com/kodustech/awesome-agent-skills
103,DevOps,ssh-key-manager,"Manage ssh key manager operations. Auto-activating skill for DevOps Basics. Triggers on: ssh key manager, ssh key manager Part of the DevOps Basics skill category. Use when working with ssh key manager functionality. Trigger with phrases like ""ssh key manager"", ""ssh manager"", ""ssh"".",https://ai-skills.io/,https://github.com/kodustech/awesome-agent-skills
105,DevOps,readme-generator,"Readme Generator - Auto-activating skill for DevOps Basics. Triggers on: readme generator, readme generator Part of the DevOps Basics skill category.",https://ai-skills.io/,https://github.com/kodustech/awesome-agent-skills
106,Testing & QA,qms-audit-expert,"Senior QMS Audit Expert for internal and external quality management system auditing. Provides ISO 13485 audit expertise, audit program management, nonconformity identification, and corrective action verification. Use for internal audit planning, external audit preparation, audit execution, and audit follow-up activities.",https://ai-skills.io/,https://github.com/kodustech/awesome-agent-skills
107,Testing & QA,it-operations,"Manages IT infrastructure, monitoring, incident response, and service reliability. Provides frameworks for ITIL service management, observability strategies, automation, backup/recovery, capacity planning, and operational excellence practices.",https://ai-skills.io/,https://github.com/kodustech/awesome-agent-skills
108,Testing & QA,evaluating-code-models,"Evaluates code generation models across HumanEval, MBPP, MultiPL-E, and 15+ benchmarks with pass@k metrics. Use when benchmarking code models, comparing coding abilities, testing multi-language support, or measuring code generation quality. Industry standard from BigCode Project used by HuggingFace leaderboards.",https://ai-skills.io/,https://github.com/kodustech/awesome-agent-skills
109,Testing & QA,resolve-conflicts,"Use this skill immediately when the user mentions merge conflicts that need to be resolved. Do not attempt to resolve conflicts directly - invoke this skill first. This skill specializes in providing a structured framework for merging imports, tests, lock files (regeneration), configuration files, and handling deleted-but-modified files with backup and analysis.",https://ai-skills.io/,https://github.com/kodustech/awesome-agent-skills
110,Testing & QA,qlty-check,"Code quality checks, formatting, and metrics via qlty CLI",https://ai-skills.io/,https://github.com/kodustech/awesome-agent-skills
111,Testing & QA,lint-and-validate,"Automatic quality control, linting, and static analysis procedures. Use after every code modification to ensure syntax correctness and project standards. Triggers onKeywords: lint, format, check, validate, types, static analysis.",https://ai-skills.io/,https://github.com/kodustech/awesome-agent-skills
112,Testing & QA,simplify,"Refactor code after tests pass. The ""Refactor"" phase of Red-Green-Refactor.",https://ai-skills.io/,https://github.com/kodustech/awesome-agent-skills
113,Testing & QA,changelog-orchestrator,"Draft changelog PRs by collecting GitHub/Slack/Git changes, formatting with templates, running quality gates, and preparing a branch/PR. Use when generating weekly/monthly release notes or when the user asks to create a changelog from recent merges. Trigger with ""changelog weekly"", ""generate release notes"", ""draft changelog"", ""create changelog PR"".",https://ai-skills.io/,https://github.com/kodustech/awesome-agent-skills
114,Testing & QA,tdd-workflow,"Use this skill when writing new features, fixing bugs, or refactoring code. Enforce test-driven development (TDD), including unit tests, integration tests, and end-to-end (E2E) tests, ensuring test coverage exceeds 80%.",https://ai-skills.io/,https://github.com/kodustech/awesome-agent-skills
115,Testing & QA,oping,"Test connectivity with OpenCode (shorthand: oc) using the oping CLI. Use when the user explicitly asks to check OpenCode/oc status or connectivity (e.g., “oc ping”, “oc is it alive?”, “is OpenCode connected?”), or when troubleshooting cases where OpenCode is not responding.",https://ai-skills.io/,https://github.com/kodustech/awesome-agent-skills
116,Security,deployment-pipeline-design,"Design multi-stage CI/CD pipelines with approval gates, security checks, and deployment orchestration. Use when architecting deployment workflows, setting up continuous delivery, or implementing GitOps practices.",https://ai-skills.io/,https://github.com/kodustech/awesome-agent-skills
117,Security,wordpress-penetration-testing,"This skill should be used when the user asks to ""pentest WordPress sites"", ""scan WordPress for vulnerabilities"", ""enumerate WordPress users, themes, or plugins"", ""exploit WordPress vulnerabilities"", or ""use WPScan"". It provides comprehensive WordPress security assessment methodologies.",https://ai-skills.io/,https://github.com/kodustech/awesome-agent-skills
118,Security,pentest-checklist,"This skill should be used when the user asks to ""plan a penetration test"", ""create a security assessment checklist"", ""prepare for penetration testing"", ""define pentest scope"", ""follow security testing best practices"", or needs a structured methodology for penetration testing engagements.",https://ai-skills.io/,https://github.com/kodustech/awesome-agent-skills
119,Security,ton-vulnerability-scanner,"Scans TON (The Open Network) smart contracts for 3 critical vulnerabilities including integer-as-boolean misuse, fake Jetton contracts, and forward TON without gas checks. Use when auditing FunC contracts. (project, gitignored)",https://ai-skills.io/,https://github.com/kodustech/awesome-agent-skills
120,Security,performing-penetration-testing,"Perform security penetration testing to identify vulnerabilities. Use when conducting security assessments. Trigger with 'run pentest', 'security testing', or 'find vulnerabilities'.",https://ai-skills.io/,https://github.com/kodustech/awesome-agent-skills
121,Security,encrypting-and-decrypting-data,"Validate encryption implementations and cryptographic practices. Use when reviewing data security measures. Trigger with 'check encryption', 'validate crypto', or 'review security keys'.",https://ai-skills.io/,https://github.com/kodustech/awesome-agent-skills
122,Security,clerk-observability,"Implement monitoring, logging, and observability for Clerk authentication. Use when setting up monitoring, debugging auth issues in production, or implementing audit logging. Trigger with phrases like ""clerk monitoring"", ""clerk logging"", ""clerk observability"", ""clerk metrics"", ""clerk audit log"".",https://ai-skills.io/,https://github.com/kodustech/awesome-agent-skills
123,Security,checking-owasp-compliance,"Check compliance with OWASP Top 10 security risks and best practices. Use when performing comprehensive security audits. Trigger with 'check OWASP compliance', 'audit web security', or 'validate OWASP'.",https://ai-skills.io/,https://github.com/kodustech/awesome-agent-skills
124,Security,auditing-access-control,"Audit access control implementations for security vulnerabilities and misconfigurations. Use when reviewing authentication and authorization. Trigger with 'audit access control', 'check permissions', or 'validate authorization'.",https://ai-skills.io/,https://github.com/kodustech/awesome-agent-skills
125,Security,llvm-obfuscation,"Expertise in LLVM-based code obfuscation techniques including OLLVM, control flow flattening, string encryption, virtualization, and anti-analysis methods. Use this skill when working on code protection, anti-reverse engineering, or implementing custom obfuscation passes.",https://ai-skills.io/,https://github.com/kodustech/awesome-agent-skills
126,Mobile Development,stride-analysis-patterns,"Apply STRIDE methodology to systematically identify threats. Use when analyzing system security, conducting threat modeling sessions, or creating security documentation.",https://ai-skills.io/,https://github.com/kodustech/awesome-agent-skills
127,Mobile Development,sast-configuration,"Configure Static Application Security Testing (SAST) tools for automated vulnerability detection in application code. Use when setting up security scanning, implementing DevSecOps practices, or automating code vulnerability detection.",https://ai-skills.io/,https://github.com/kodustech/awesome-agent-skills
128,Mobile Development,web-performance-optimization,"Optimize website and web application performance including loading speed, Core Web Vitals, bundle size, caching strategies, and runtime performance",https://ai-skills.io/,https://github.com/kodustech/awesome-agent-skills
129,Mobile Development,profiling-application-performance,"This skill enables Claude to profile application performance, analyzing CPU usage, memory consumption, and execution time. It is triggered when the user requests performance analysis, bottleneck identification, or optimization recommendations. The skill uses the application-profiler plugin to identify performance bottlenecks and suggest code-level optimizations. Use it when asked to ""profile application"", ""analyze performance"", or ""find bottlenecks"".",https://ai-skills.io/,https://github.com/kodustech/awesome-agent-skills
130,Mobile Development,granola-deploy-integration,"Deploy Granola integrations to Slack, Notion, HubSpot, and other apps. Use when connecting Granola to productivity tools, setting up native integrations, or configuring auto-sync. Trigger with phrases like ""granola slack"", ""granola notion"", ""granola hubspot"", ""granola integration"", ""connect granola"".",https://ai-skills.io/,https://github.com/kodustech/awesome-agent-skills
131,Mobile Development,generating-end-to-end-tests,"This skill enables Claude to generate end-to-end (E2E) tests for web applications. It leverages Playwright, Cypress, or Selenium to automate browser interactions and validate user workflows. Use this skill when the user requests to ""create E2E tests"", ""generate end-to-end tests"", or asks for help with ""browser-based testing"".",https://ai-skills.io/,https://github.com/kodustech/awesome-agent-skills
132,Mobile Development,creating-data-visualizations,"This skill enables Claude to generate data visualizations, plots, charts, and graphs from provided data. It analyzes the data, selects the most appropriate visualization type, and creates a visually appealing and informative graphic. Use this skill when the user requests a visualization, plot, chart, or graph; when data needs to be presented visually; or when exploring data patterns. The skill is triggered by requests for ""visualization"", ""plot"", ""chart"", or ""graph"".",https://ai-skills.io/,https://github.com/kodustech/awesome-agent-skills
133,Mobile Development,single-cell-cellphonedb-communication-mapping,Run omicverse's CellPhoneDB v5 wrapper on annotated single-cell data to infer ligand-receptor networks and produce CellChat-style visualisations.,https://ai-skills.io/,https://github.com/kodustech/awesome-agent-skills
134,Mobile Development,effect-patterns-platform-getting-started,Effect-TS patterns for Platform Getting Started. Use when working with platform getting started in Effect-TS applications.,https://ai-skills.io/,https://github.com/kodustech/awesome-agent-skills
135,Mobile Development,android-kotlin,"Android Kotlin development with Coroutines, Jetpack Compose, Hilt, and MockK testing",https://ai-skills.io/,https://github.com/kodustech/awesome-agent-skills
136,Blockchain,gh-issue-triage,"Label taxonomy and triage workflow for GitHub issues. Defines type labels (bug/feature/enhancement/docs/chore), priority levels (critical/high/medium/low), status labels, and triage decision workflow. Use when categorizing and prioritizing issues.",https://ai-skills.io/,https://github.com/kodustech/awesome-agent-skills
137,Blockchain,web-test-wallet-sign,"Handle MetaMask signature and transaction popups during Web3 DApp testing - approve signatures, send transactions, call contracts. Detects popup type and handles gas errors.",https://ai-skills.io/,https://github.com/kodustech/awesome-agent-skills
138,Blockchain,web-test-wallet-setup,"Set up MetaMask wallet extension for Web3 DApp testing - download extension, import wallet from private key. Run at test start if tests/config.yaml has web3.enabled=true.",https://ai-skills.io/,https://github.com/kodustech/awesome-agent-skills
139,Infrastructure,spark-optimization,"Optimize Apache Spark jobs with partitioning, caching, shuffle optimization, and memory tuning. Use when improving Spark performance, debugging slow jobs, or scaling data processing pipelines.",https://ai-skills.io/,https://github.com/kodustech/awesome-agent-skills
140,Infrastructure,openrouter-debug-bundle,"Execute set up comprehensive logging and debugging for OpenRouter. Use when investigating issues or monitoring requests. Trigger with phrases like 'openrouter debug', 'openrouter logging', 'openrouter trace', 'monitor openrouter'.",https://ai-skills.io/,https://github.com/kodustech/awesome-agent-skills
141,Infrastructure,linear-data-handling,"Data synchronization, backup, and consistency patterns for Linear. Use when implementing data sync, creating backups, or ensuring data consistency across systems. Trigger with phrases like ""linear data sync"", ""backup linear"", ""linear data consistency"", ""sync linear issues"", ""linear data export"".",https://ai-skills.io/,https://github.com/kodustech/awesome-agent-skills
142,Infrastructure,master-plan-manager,"Safe MASTER_PLAN.md management with backup, validation, and intelligent updates. Use when updating task tracking, adding features to roadmap, or modifying project documentation.",https://ai-skills.io/,https://github.com/kodustech/awesome-agent-skills
143,Infrastructure,delegation-core,"Delegate tasks to external LLM services (Gemini, Qwen) with quota, logging, and error handling.",https://ai-skills.io/,https://github.com/kodustech/awesome-agent-skills
144,Infrastructure,market-signal-tracker,"Operating system for logging market/competitive signals with severity, confidence, and routing.",https://ai-skills.io/,https://github.com/kodustech/awesome-agent-skills
145,Infrastructure,orchestrator,"Plan and coordinate multi-agent bead execution. Use when starting a new epic, assigning tracks to agents, or monitoring parallel work progress.",https://ai-skills.io/,https://github.com/kodustech/awesome-agent-skills
146,Infrastructure,dbt-projects-on-snowflake,"Deploying, managing, executing, and monitoring dbt projects natively within Snowflake using dbt PROJECT objects and event tables. Use this skill when you want to set up dbt development workspaces, deploy projects to Snowflake, schedule automated runs, monitor execution with event tables, or enable team collaboration directly in Snowflake.",https://ai-skills.io/,https://github.com/kodustech/awesome-agent-skills
147,Infrastructure,etl-core-patterns,"Core ETL reliability patterns including idempotency, checkpointing, error handling, chunking, retry logic, and logging.",https://ai-skills.io/,https://github.com/kodustech/awesome-agent-skills
148,Infrastructure,logcli-logs,"Query and analyze logs from Grafana Loki using logcli. Use when the user mentions Loki, Grafana logs, logcli, or LogQL. Triggers on phrases like ""query loki"", ""loki logs"", ""grafana logs"", ""use logcli"", ""LogQL query"", or when explicitly asked to search logs using Loki/Grafana infrastructure.",https://ai-skills.io/,https://github.com/kodustech/awesome-agent-skills
149,AI/ML,git-advanced-workflows,"Master advanced Git workflows including rebasing, cherry-picking, bisect, worktrees, and reflog to maintain clean history and recover from any situation. Use when managing complex Git histories, collaborating on feature branches, or troubleshooting repository issues.",https://ai-skills.io/,https://github.com/kodustech/awesome-agent-skills
150,AI/ML,pr-build-status,"Retrieve Azure DevOps build information for GitHub Pull Requests, including build IDs, stage status, and failed jobs.",https://ai-skills.io/,https://github.com/kodustech/awesome-agent-skills
151,AI/ML,agentic-eval,"Patterns and techniques for evaluating and improving AI agent outputs. Use this skill when: - Implementing self-critique and reflection loops - Building evaluator-optimizer pipelines for quality-critical generation - Creating test-driven code refinement workflows - Designing rubric-based or LLM-as-judge evaluation systems - Adding iterative improvement to agent outputs (code, reports, analysis) - Measuring and improving agent response quality",https://ai-skills.io/,https://github.com/kodustech/awesome-agent-skills
152,AI/ML,senior-architect,"Comprehensive software architecture skill for designing scalable, maintainable systems using ReactJS, NextJS, NodeJS, Express, React Native, Swift, Kotlin, Flutter, Postgres, GraphQL, Go, Python. Includes architecture diagram generation, system design patterns, tech stack decision frameworks, and dependency analysis. Use when designing system architecture, making technical decisions, creating architecture diagrams, evaluating trade-offs, or defining integration patterns.",https://ai-skills.io/,https://github.com/kodustech/awesome-agent-skills
153,AI/ML,railway-templates,"Search and deploy services from Railway's template marketplace. Use when user wants to add a service from a template, find templates for a specific use case, or deploy tools like Ghost, Strapi, n8n, Minio, Uptime Kuma, etc. For databases (Postgres, Redis, MySQL, MongoDB), prefer the railway-database skill.",https://ai-skills.io/,https://github.com/kodustech/awesome-agent-skills
154,AI/ML,railway-database,"Add official Railway database services (Postgres, Redis, MySQL, MongoDB). Use when user wants to add a database, says ""add postgres"", ""add redis"", ""add database"", ""connect to database"", or ""wire up the database"". For other templates (Ghost, Strapi, n8n), use the railway-templates skill.",https://ai-skills.io/,https://github.com/kodustech/awesome-agent-skills
155,AI/ML,clinicaltrials-database,"Query ClinicalTrials.gov via API v2. Search trials by condition, drug, location, status, or phase. Retrieve trial details by NCT ID, export data, for clinical research and patient matching.",https://ai-skills.io/,https://github.com/kodustech/awesome-agent-skills
156,AI/ML,redis-inspect,"Inspect Redis cache keys, values, and TTLs for debugging. Supports both main cache and system cache. Use for debugging cache issues, checking cached values, and monitoring cache state. Read-only by default.",https://ai-skills.io/,https://github.com/kodustech/awesome-agent-skills
157,AI/ML,networkx,"Comprehensive toolkit for creating, analyzing, and visualizing complex networks and graphs in Python. Use when working with network/graph data structures, analyzing relationships between entities, computing graph algorithms (shortest paths, centrality, clustering), detecting communities, generating synthetic networks, or visualizing network topologies.",https://ai-skills.io/,https://github.com/kodustech/awesome-agent-skills
158,AI/ML,hula-skill,"HuLa project skill for frontend (Vue 3 + Vite + UnoCSS + Naive UI/Vant), backend (Tauri v2 + Rust + SeaORM/SQLite), full-stack flows, and build/release work. Use when the user mentions hula or HuLa or requests changes in this repository; after triggering, ask which scope (frontend/backend/fullstack/build-release) to enable.",https://ai-skills.io/,https://github.com/kodustech/awesome-agent-skills
159,Data Science,docstring,Write docstrings for PyTorch functions and methods following PyTorch conventions. Use when writing or updating docstrings in PyTorch code.,https://ai-skills.io/,https://github.com/kodustech/awesome-agent-skills
160,Data Science,website-maintainer,"Use this skill when working on the Repomix documentation website in `website/` directory, including VitePress configuration, multi-language content, or translation workflows.",https://ai-skills.io/,https://github.com/kodustech/awesome-agent-skills
161,Data Science,torchdrug,"Graph-based drug discovery toolkit. Molecular property prediction (ADMET), protein modeling, knowledge graph reasoning, molecular generation, retrosynthesis, GNNs (GIN, GAT, SchNet), 40+ datasets, for PyTorch-based ML on molecules, proteins, and biomedical graphs.",https://ai-skills.io/,https://github.com/kodustech/awesome-agent-skills
162,Data Science,skypilot-multi-cloud-orchestration,"Multi-cloud orchestration for ML workloads with automatic cost optimization. Use when you need to run training or batch jobs across multiple clouds, leverage spot instances with auto-recovery, or optimize GPU costs across providers.",https://ai-skills.io/,https://github.com/kodustech/awesome-agent-skills
163,Data Science,simpo-training,"Simple Preference Optimization for LLM alignment. Reference-free alternative to DPO with better performance (+6.4 points on AlpacaEval 2.0). No reference model needed, more efficient than DPO. Use for preference alignment when want simpler, faster training than DPO/PPO.",https://ai-skills.io/,https://github.com/kodustech/awesome-agent-skills
164,Data Science,ray-data,"Scalable data processing for ML workloads. Streaming execution across CPU/GPU, supports Parquet/CSV/JSON/images. Integrates with Ray Train, PyTorch, TensorFlow. Scales from single machine to 100s of nodes. Use for batch inference, data preprocessing, multi-modal data loading, or distributed ETL pipelines.",https://ai-skills.io/,https://github.com/kodustech/awesome-agent-skills
165,Data Science,quantizing-models-bitsandbytes,"Quantizes LLMs to 8-bit or 4-bit for 50-75% memory reduction with minimal accuracy loss. Use when GPU memory is limited, need to fit larger models, or want faster inference. Supports INT8, NF4, FP4 formats, QLoRA training, and 8-bit optimizers. Works with HuggingFace Transformers.",https://ai-skills.io/,https://github.com/kodustech/awesome-agent-skills
166,Data Science,pytorch-lightning,"Deep learning framework (PyTorch Lightning). Organize PyTorch code into LightningModules, configure Trainers for multi-GPU/TPU, implement data pipelines, callbacks, logging (W&B, TensorBoard), distributed training (DDP, FSDP, DeepSpeed), for scalable neural network training.",https://ai-skills.io/,https://github.com/kodustech/awesome-agent-skills
167,Data Science,pytdc,"Therapeutics Data Commons. AI-ready drug discovery datasets (ADME, toxicity, DTI), benchmarks, scaffold splits, molecular oracles, for therapeutic ML and pharmacological prediction.",https://ai-skills.io/,https://github.com/kodustech/awesome-agent-skills
168,Data Science,pyhealth,"Comprehensive healthcare AI toolkit for developing, testing, and deploying machine learning models with clinical data. This skill should be used when working with electronic health records (EHR), clinical prediction tasks (mortality, readmission, drug recommendation), medical coding systems (ICD, NDC, ATC), physiological signals (EEG, ECG), healthcare datasets (MIMIC-III/IV, eICU, OMOP), or implementing deep learning models for healthcare applications (RETAIN, SafeDrug, Transformer, GNN).",https://ai-skills.io/,https://github.com/kodustech/awesome-agent-skills
81,Observability,risk-metrics-calculation,"Calculate portfolio risk metrics including VaR, CVaR, Sharpe, Sortino, and drawdown analysis. Use when measuring portfolio risk, implementing risk limits, or building risk monitoring systems.",https://ai-skills.io/,https://github.com/kodustech/awesome-agent-skills
169,Observability,domain-cloud-native,"Use when building cloud-native applications. Keywords: Kubernetes, k8s, Docker, containers, gRPC, Tonic, microservices, service mesh, observability, tracing, metrics, health checks, cloud, deployment, cloud-native, microservices, containers.",https://ai-skills.io/,https://github.com/kodustech/awesome-agent-skills
170,Observability,appinsights-instrumentation,Instrument a webapp to send useful telemetry data to Azure App Insights,https://ai-skills.io/,https://github.com/kodustech/awesome-agent-skills
171,Observability,senior-qa,"Comprehensive QA and testing skill for quality assurance, test automation, and testing strategies for ReactJS, NextJS, NodeJS applications. Includes test suite generation, coverage analysis, E2E testing setup, and quality metrics. Use when designing test strategies, writing test cases, implementing test automation, performing manual testing, or analyzing test coverage.",https://ai-skills.io/,https://github.com/kodustech/awesome-agent-skills
172,Observability,pyvene-interventions,"Provides guidance for performing causal interventions on PyTorch models using pyvene's declarative intervention framework. Use when conducting causal tracing, activation patching, interchange intervention training, or testing causal hypotheses about model behavior.",https://ai-skills.io/,https://github.com/kodustech/awesome-agent-skills
166,Observability,pytorch-lightning,"Deep learning framework (PyTorch Lightning). Organize PyTorch code into LightningModules, configure Trainers for multi-GPU/TPU, implement data pipelines, callbacks, logging (W&B, TensorBoard), distributed training (DDP, FSDP, DeepSpeed), for scalable neural network training.",https://ai-skills.io/,https://github.com/kodustech/awesome-agent-skills
107,Observability,it-operations,"Manages IT infrastructure, monitoring, incident response, and service reliability. Provides frameworks for ITIL service management, observability strategies, automation, backup/recovery, capacity planning, and operational excellence practices.",https://ai-skills.io/,https://github.com/kodustech/awesome-agent-skills
108,Observability,evaluating-code-models,"Evaluates code generation models across HumanEval, MBPP, MultiPL-E, and 15+ benchmarks with pass@k metrics. Use when benchmarking code models, comparing coding abilities, testing multi-language support, or measuring code generation quality. Industry standard from BigCode Project used by HuggingFace leaderboards.",https://ai-skills.io/,https://github.com/kodustech/awesome-agent-skills
173,Observability,cto-advisor,"Technical leadership guidance for engineering teams, architecture decisions, and technology strategy. Includes tech debt analyzer, team scaling calculator, engineering metrics frameworks, technology evaluation tools, and ADR templates.",https://ai-skills.io/,https://github.com/kodustech/awesome-agent-skills
174,Observability,migrating-to-vendure-dashboard,Migrates Vendure Admin UI extensions (legacy Angular-based) to the new React Dashboard.,https://ai-skills.io/,https://github.com/kodustech/awesome-agent-skills
139,Performance,spark-optimization,"Optimize Apache Spark jobs with partitioning, caching, shuffle optimization, and memory tuning. Use when improving Spark performance, debugging slow jobs, or scaling data processing pipelines.",https://ai-skills.io/,https://github.com/kodustech/awesome-agent-skills
175,Performance,hybrid-cloud-networking,"Configure secure, high-performance connectivity between on-premises infrastructure and cloud platforms using VPN and dedicated connections. Use when building hybrid cloud architectures, connecting data centers to cloud, or implementing secure cross-premises networking.",https://ai-skills.io/,https://github.com/kodustech/awesome-agent-skills
176,Performance,gitlab-ci-patterns,"Build GitLab CI/CD pipelines with multi-stage workflows, caching, and distributed runners for scalable automation. Use when implementing GitLab CI/CD, optimizing pipeline performance, or setting up automated testing and deployment.",https://ai-skills.io/,https://github.com/kodustech/awesome-agent-skills
90,Performance,zarr-python,"Chunked N-D arrays for cloud storage. Compressed arrays, parallel I/O, S3/GCS integration, NumPy/Dask/Xarray compatible, for large-scale scientific computing pipelines.",https://ai-skills.io/,https://github.com/kodustech/awesome-agent-skills
162,Performance,skypilot-multi-cloud-orchestration,"Multi-cloud orchestration for ML workloads with automatic cost optimization. Use when you need to run training or batch jobs across multiple clouds, leverage spot instances with auto-recovery, or optimize GPU costs across providers.",https://ai-skills.io/,https://github.com/kodustech/awesome-agent-skills
163,Performance,simpo-training,"Simple Preference Optimization for LLM alignment. Reference-free alternative to DPO with better performance (+6.4 points on AlpacaEval 2.0). No reference model needed, more efficient than DPO. Use for preference alignment when want simpler, faster training than DPO/PPO.",https://ai-skills.io/,https://github.com/kodustech/awesome-agent-skills
177,Performance,senior-ml-engineer,"World-class ML engineering skill for productionizing ML models, MLOps, and building scalable ML systems. Expertise in PyTorch, TensorFlow, model deployment, feature stores, model monitoring, and ML infrastructure. Includes LLM integration, fine-tuning, RAG systems, and agentic AI. Use when deploying ML models, building ML platforms, implementing MLOps, or integrating LLMs into production systems.",https://ai-skills.io/,https://github.com/kodustech/awesome-agent-skills
178,Performance,senior-backend,"Comprehensive backend development skill for building scalable backend systems using NodeJS, Express, Go, Python, Postgres, GraphQL, REST APIs. Includes API scaffolding, database optimization, security implementation, and performance tuning. Use when designing APIs, optimizing database queries, implementing business logic, handling authentication/authorization, or reviewing backend code.",https://ai-skills.io/,https://github.com/kodustech/awesome-agent-skills
152,Performance,senior-architect,"Comprehensive software architecture skill for designing scalable, maintainable systems using ReactJS, NextJS, NodeJS, Express, React Native, Swift, Kotlin, Flutter, Postgres, GraphQL, Go, Python. Includes architecture diagram generation, system design patterns, tech stack decision frameworks, and dependency analysis. Use when designing system architecture, making technical decisions, creating architecture diagrams, evaluating trade-offs, or defining integration patterns.",https://ai-skills.io/,https://github.com/kodustech/awesome-agent-skills
179,Performance,ray-train,"Distributed training orchestration across clusters. Scales PyTorch/TensorFlow/HuggingFace from laptop to 1000s of nodes. Built-in hyperparameter tuning with Ray Tune, fault tolerance, elastic scaling. Use when training massive models across multiple machines or running distributed hyperparameter sweeps.",https://ai-skills.io/,https://github.com/kodustech/awesome-agent-skills
79,Tooling,implementing-agent-modes,"Guidelines to create/update a new mode for PostHog AI agent. Modes are a way to limit what tools, prompts, and prompt injections are applied and under what conditions. Achieve better results using your plan mode.",https://ai-skills.io/,https://github.com/kodustech/awesome-agent-skills
180,Tooling,wox-plugin-creator,"Create and scaffold Wox plugins (nodejs, python, script-nodejs, script-python). Use when cloning official SDK templates, generating script plugin templates, or preparing plugins for publish.",https://ai-skills.io/,https://github.com/kodustech/awesome-agent-skills
89,Tooling,temporal-python-testing,"Test Temporal workflows with pytest, time-skipping, and mocking strategies. Covers unit testing, integration testing, replay testing, and local development setup. Use when implementing Temporal workflow tests or debugging test failures.",https://ai-skills.io/,https://github.com/kodustech/awesome-agent-skills
127,Tooling,sast-configuration,"Configure Static Application Security Testing (SAST) tools for automated vulnerability detection in application code. Use when setting up security scanning, implementing DevSecOps practices, or automating code vulnerability detection.",https://ai-skills.io/,https://github.com/kodustech/awesome-agent-skills
84,Tooling,ml-pipeline-workflow,"Build end-to-end MLOps pipelines from data preparation through model training, validation, and production deployment. Use when creating ML pipelines, implementing MLOps practices, or automating model training and deployment workflows.",https://ai-skills.io/,https://github.com/kodustech/awesome-agent-skills
181,Tooling,javascript-testing-patterns,"Implement comprehensive testing strategies using Jest, Vitest, and Testing Library for unit tests, integration tests, and end-to-end testing with mocking, fixtures, and test-driven development. Use when writing JavaScript/TypeScript tests, setting up test infrastructure, or implementing TDD/BDD workflows.",https://ai-skills.io/,https://github.com/kodustech/awesome-agent-skills
182,Tooling,incident-runbook-templates,"Create structured incident response runbooks with step-by-step procedures, escalation paths, and recovery actions. Use when building runbooks, responding to incidents, or establishing incident response procedures.",https://ai-skills.io/,https://github.com/kodustech/awesome-agent-skills
96,Tooling,gitops-workflow,"Implement GitOps workflows with ArgoCD and Flux for automated, declarative Kubernetes deployments with continuous reconciliation. Use when implementing GitOps practices, automating Kubernetes deployments, or setting up declarative infrastructure management.",https://ai-skills.io/,https://github.com/kodustech/awesome-agent-skills
176,Tooling,gitlab-ci-patterns,"Build GitLab CI/CD pipelines with multi-stage workflows, caching, and distributed runners for scalable automation. Use when implementing GitLab CI/CD, optimizing pipeline performance, or setting up automated testing and deployment.",https://ai-skills.io/,https://github.com/kodustech/awesome-agent-skills
149,Tooling,git-advanced-workflows,"Master advanced Git workflows including rebasing, cherry-picking, bisect, worktrees, and reflog to maintain clean history and recover from any situation. Use when managing complex Git histories, collaborating on feature branches, or troubleshooting repository issues.",https://ai-skills.io/,https://github.com/kodustech/awesome-agent-skills
183,Code Review,dyadmulti-pr-review,Multi-agent code review system that spawns three independent Claude sub-agents to review PR diffs. Each agent receives files in different randomized order to reduce ordering bias. Issues are classified as high/medium/low severity. Results are aggregated using consensus voting - only issues identified by 2+ agents where at least one rated it medium or higher severity are reported and posted as PR comments.,https://ai-skills.io/,https://github.com/kodustech/awesome-agent-skills
184,Code Review,prowler-pr,"Creates Pull Requests for Prowler following the project template and conventions. Trigger: When working on pull request requirements or creation (PR template sections, PR title Conventional Commits check, changelog gate/no-changelog label), or when inspecting PR-related GitHub workflows like conventional-commit.yml, pr-check-changelog.yml, pr-conflict-checker.yml, labeler.yml, or CODEOWNERS.",https://ai-skills.io/,https://github.com/kodustech/awesome-agent-skills
185,Code Review,pair-programming,"AI-assisted pair programming with multiple modes (driver/navigator/switch), real-time verification, quality monitoring, and comprehensive testing. Supports TDD, debugging, refactoring, and learning sessions. Features automatic role switching, continuous code review, security scanning, and performance optimization with truth-score verification.",https://ai-skills.io/,https://github.com/kodustech/awesome-agent-skills
186,Code Review,reviewing-changes,"Guides Android code reviews with type-specific checklists and MVVM/Compose pattern validation. Use when reviewing Android PRs, pull requests, diffs, or local changes involving Kotlin, ViewModel, Composable, Repository, or Gradle files. Triggered by ""review PR"", ""review changes"", ""check this code"", ""Android review"", or code review requests mentioning bitwarden/android.",https://ai-skills.io/,https://github.com/kodustech/awesome-agent-skills
187,Code Review,pr-create-from-body,Creates a GitHub Pull Request for the VChart project using a local markdown file as its body. This skill exclusively uses a logged-in `gh` CLI environment to operate.,https://ai-skills.io/,https://github.com/kodustech/awesome-agent-skills
188,Code Review,loki-mode,"Multi-agent autonomous startup system for Claude Code. Triggers on ""Loki Mode"". Orchestrates 100+ specialized agents across engineering, QA, DevOps, security, data/ML, business operations, marketing, HR, and customer success. Takes PRD to fully deployed, revenue-generating product with zero human intervention.",https://ai-skills.io/,https://github.com/kodustech/awesome-agent-skills
189,Code Review,pr-review-reply,Reply to and resolve GitHub PR review comments using the GitHub CLI and GraphQL API.,https://ai-skills.io/,https://github.com/kodustech/awesome-agent-skills
190,Code Review,swiftui-performance-audit,"Audit and improve SwiftUI runtime performance from code review and architecture. Use for requests to diagnose slow rendering, janky scrolling, high CPU/memory usage, excessive view updates, or layout thrash in SwiftUI apps, and to provide guidance for user-run Instruments profiling when code review alone is insufficient.",https://ai-skills.io/,https://github.com/kodustech/awesome-agent-skills
191,Code Review,alignment-review,"Review code changes for bugs and alignment with OpenEnv principles and RFCs. Use when reviewing PRs, checking code before commit, or when asked to review changes. Implements two-tier review model.",https://ai-skills.io/,https://github.com/kodustech/awesome-agent-skills
192,Code Review,windsurf-known-pitfalls,"Identify and avoid Windsurf anti-patterns and common integration mistakes. Use when reviewing Windsurf code for issues, onboarding new developers, or auditing existing Windsurf integrations for best practices violations. Trigger with phrases like ""windsurf mistakes"", ""windsurf anti-patterns"", ""windsurf pitfalls"", ""windsurf what not to do"", ""windsurf code review"".",https://ai-skills.io/,https://github.com/kodustech/awesome-agent-skills
193,Code Review,vercel-known-pitfalls,"Execute identify and avoid Vercel anti-patterns and common integration mistakes. Use when reviewing Vercel code for issues, onboarding new developers, or auditing existing Vercel integrations for best practices violations. Trigger with phrases like ""vercel mistakes"", ""vercel anti-patterns"", ""vercel pitfalls"", ""vercel what not to do"", ""vercel code review"".",https://ai-skills.io/,https://github.com/kodustech/awesome-agent-skills
194,Code Review,clay-known-pitfalls,"Identify and avoid Clay anti-patterns and common integration mistakes. Use when reviewing Clay code for issues, onboarding new developers, or auditing existing Clay integrations for best practices violations. Trigger with phrases like ""clay mistakes"", ""clay anti-patterns"", ""clay pitfalls"", ""clay what not to do"", ""clay code review"".",https://ai-skills.io/,https://github.com/kodustech/awesome-agent-skills
195,Code Review,octocode-pr-review,"PR review for bugs, security & quality (requires PR URL)",https://ai-skills.io/,https://github.com/kodustech/awesome-agent-skills
196,Code Review,fix-pr,Review a CodeRabbit PR comment and produce an action plan when prompted to analyze a review comment.,https://ai-skills.io/,https://github.com/kodustech/awesome-agent-skills
197,Code Review,code-quality-analysis-with-pmat,"Analyzes code quality, complexity, and technical debt using PMAT (Pragmatic AI Labs MCP Agent Toolkit).",https://ai-skills.io/,https://github.com/kodustech/awesome-agent-skills
